{
    "experiment_name": "underfit",
    "train_losses": [
        5.6539218790263845,
        4.8256137708575375,
        4.465840198175553,
        4.241753935138879,
        4.076397894462939,
        3.9308979543662153,
        3.7861211407900126,
        3.654788227340508,
        3.5603498105689595,
        3.5046183587740662
    ],
    "val_losses": [
        4.989519929885864,
        4.64378039186651,
        4.52713400667364,
        4.488522540439259,
        4.487761987339367,
        4.496660193529996,
        4.525074423443187,
        4.567093667117033,
        4.59557672847401,
        4.628414052182978
    ],
    "train_perplexities": [
        285.4086117848586,
        124.66295939830914,
        86.99409111899364,
        69.5296955307402,
        58.93280487623038,
        50.95271034192395,
        44.085068431039424,
        38.65933325839158,
        35.17549975477237,
        33.268744704784346
    ],
    "val_perplexities": [
        146.86590063940872,
        103.93652662086566,
        92.49309625700502,
        88.98986976950306,
        88.92221397936251,
        89.71699298392515,
        92.30279506486312,
        96.26392780021453,
        99.04524128969831,
        102.35161100942449
    ],
    "best_val_loss": 4.487761987339367,
    "best_val_perplexity": 88.92221397936251,
    "test_loss": 4.787276109782132,
    "test_perplexity": 119.97412682966525,
    "config": {
        "experiment_name": "underfit",
        "seed": 42,
        "data_path": "dataset/Pride_and_Prejudice-Jane_Austen.txt",
        "tokenization_level": "word",
        "vocab_size": 5000,
        "min_freq": 2,
        "train_ratio": 0.8,
        "val_ratio": 0.1,
        "seq_length": 35,
        "batch_size": 128,
        "embedding_dim": 64,
        "hidden_dim": 64,
        "num_layers": 1,
        "dropout": 0.0,
        "tie_weights": false,
        "learning_rate": 0.001,
        "num_epochs": 10,
        "clip_grad": 5.0,
        "early_stopping_patience": 10,
        "output_dir": "outputs",
        "checkpoint_dir": "checkpoints",
        "plots_dir": "plots"
    }
}